PLAID,AssignArea,AssignCity
Z1CAL0001,ZONE 1,CALOOCAN CITY
Z1CAL0002,ZONE 1,CALOOCAN CITY
Z1CAL0003,ZONE 1,CALOOCAN CITY
Z1CAL0004,ZONE 1,CALOOCAN CITY
Z1CAL0005,ZONE 1,CALOOCAN CITY
Z1CAL0006,ZONE 1,CALOOCAN CITY
Z1CAL0007,ZONE 1,CALOOCAN CITY
Z1CAL0008,ZONE 1,CALOOCAN CITY
Z1CAL0009,ZONE 1,CALOOCAN CITY
Z1CAL0010,ZONE 1,CALOOCAN CITY
Z1CAL0011,ZONE 1,CALOOCAN CITY
Z1CAL0012,ZONE 1,CALOOCAN CITY
Z1CAL0013,ZONE 1,CALOOCAN CITY
Z1CAL0014,ZONE 1,CALOOCAN CITY
Z1CAL0015,ZONE 1,CALOOCAN CITY
Z1CAL0016,ZONE 1,CALOOCAN CITY
Z1CAL0017,ZONE 1,CALOOCAN CITY
Z1CAL0018,ZONE 1,CALOOCAN CITY
Z1CAL0019,ZONE 1,CALOOCAN CITY
Z1CAL0020,ZONE 1,CALOOCAN CITY
Z1CAL0021,ZONE 1,CALOOCAN CITY
Z1CAL0022,ZONE 1,CALOOCAN CITY
Z1CAL0023,ZONE 1,CALOOCAN CITY
Z1CAL0024,ZONE 1,CALOOCAN CITY
Z1CAL0025,ZONE 1,CALOOCAN CITY
Z1CAL0026,ZONE 1,CALOOCAN CITY
Z1CAL0027,ZONE 1,CALOOCAN CITY
Z1CAL0028,ZONE 1,CALOOCAN CITY
Z1CAL0029,ZONE 1,CALOOCAN CITY
Z1CAL0030,ZONE 1,CALOOCAN CITY
Z1CAL0031,ZONE 1,CALOOCAN CITY
Z1CAL0032,ZONE 1,CALOOCAN CITY
Z1CAL0033,ZONE 1,CALOOCAN CITY
Z1CAL0034,ZONE 1,CALOOCAN CITY
Z1CAL0035,ZONE 1,CALOOCAN CITY
Z1VAL0001,ZONE 1,VALENZUELA CITY
Z1VAL0002,ZONE 1,VALENZUELA CITY
Z1VAL0003,ZONE 1,VALENZUELA CITY
Z1VAL0004,ZONE 1,VALENZUELA CITY
Z1VAL0005,ZONE 1,VALENZUELA CITY
Z1VAL0006,ZONE 1,VALENZUELA CITY
Z1VAL0007,ZONE 1,VALENZUELA CITY
Z1VAL0008,ZONE 1,VALENZUELA CITY
Z1VAL0009,ZONE 1,VALENZUELA CITY
Z1VAL0010,ZONE 1,VALENZUELA CITY
Z1VAL0011,ZONE 1,VALENZUELA CITY
Z1VAL0012,ZONE 1,VALENZUELA CITY
Z1VAL0013,ZONE 1,VALENZUELA CITY
Z1VAL0014,ZONE 1,VALENZUELA CITY
Z1VAL0015,ZONE 1,VALENZUELA CITY
Z1VAL0016,ZONE 1,VALENZUELA CITY
Z1VAL0017,ZONE 1,VALENZUELA CITY
Z1VAL0018,ZONE 1,VALENZUELA CITY
Z1VAL0019,ZONE 1,VALENZUELA CITY
Z1VAL0020,ZONE 1,VALENZUELA CITY
Z1VAL0021,ZONE 1,VALENZUELA CITY
Z1VAL0022,ZONE 1,VALENZUELA CITY
Z1VAL0023,ZONE 1,VALENZUELA CITY
Z1VAL0024,ZONE 1,VALENZUELA CITY
Z1VAL0025,ZONE 1,VALENZUELA CITY
Z1VAL0026,ZONE 1,VALENZUELA CITY
Z1VAL0027,ZONE 1,VALENZUELA CITY
Z1VAL0028,ZONE 1,VALENZUELA CITY
Z1VAL0029,ZONE 1,VALENZUELA CITY
Z1VAL0030,ZONE 1,VALENZUELA CITY
Z1VAL0031,ZONE 1,VALENZUELA CITY
Z1VAL0032,ZONE 1,VALENZUELA CITY
Z1VAL0033,ZONE 1,VALENZUELA CITY
Z1VAL0034,ZONE 1,VALENZUELA CITY
Z1VAL0035,ZONE 1,VALENZUELA CITY
Z1NAV0001,ZONE 1,NAVOTAS
Z1NAV0002,ZONE 1,NAVOTAS
Z1NAV0003,ZONE 1,NAVOTAS
Z1NAV0004,ZONE 1,NAVOTAS
Z1NAV0005,ZONE 1,NAVOTAS
Z1NAV0006,ZONE 1,NAVOTAS
Z1NAV0007,ZONE 1,NAVOTAS
Z1NAV0008,ZONE 1,NAVOTAS
Z1NAV0009,ZONE 1,NAVOTAS
Z1NAV0010,ZONE 1,NAVOTAS
Z1NAV0011,ZONE 1,NAVOTAS
Z1NAV0012,ZONE 1,NAVOTAS
Z1NAV0013,ZONE 1,NAVOTAS
Z1NAV0014,ZONE 1,NAVOTAS
Z1NAV0015,ZONE 1,NAVOTAS
Z1NAV0016,ZONE 1,NAVOTAS
Z1NAV0017,ZONE 1,NAVOTAS
Z1NAV0018,ZONE 1,NAVOTAS
Z1NAV0019,ZONE 1,NAVOTAS
Z1NAV0020,ZONE 1,NAVOTAS
Z1NAV0021,ZONE 1,NAVOTAS
Z1NAV0022,ZONE 1,NAVOTAS
Z1NAV0023,ZONE 1,NAVOTAS
Z1NAV0024,ZONE 1,NAVOTAS
Z1NAV0025,ZONE 1,NAVOTAS
Z1NAV0026,ZONE 1,NAVOTAS
Z1NAV0027,ZONE 1,NAVOTAS
Z1NAV0028,ZONE 1,NAVOTAS
Z1NAV0029,ZONE 1,NAVOTAS
Z1NAV0030,ZONE 1,NAVOTAS
Z1NAV0031,ZONE 1,NAVOTAS
Z1NAV0032,ZONE 1,NAVOTAS
Z1NAV0033,ZONE 1,NAVOTAS
Z1NAV0034,ZONE 1,NAVOTAS
Z1NAV0035,ZONE 1,NAVOTAS
Z2QUE0001,ZONE 2,QUEZON CITY
Z2QUE0002,ZONE 2,QUEZON CITY
Z2QUE0003,ZONE 2,QUEZON CITY
Z2QUE0004,ZONE 2,QUEZON CITY
Z2QUE0005,ZONE 2,QUEZON CITY
Z2QUE0006,ZONE 2,QUEZON CITY
Z2QUE0007,ZONE 2,QUEZON CITY
Z2QUE0008,ZONE 2,QUEZON CITY
Z2QUE0009,ZONE 2,QUEZON CITY
Z2QUE0010,ZONE 2,QUEZON CITY
Z2QUE0011,ZONE 2,QUEZON CITY
Z2QUE0012,ZONE 2,QUEZON CITY
Z2QUE0013,ZONE 2,QUEZON CITY
Z2QUE0014,ZONE 2,QUEZON CITY
Z2QUE0015,ZONE 2,QUEZON CITY
Z2QUE0016,ZONE 2,QUEZON CITY
Z2QUE0017,ZONE 2,QUEZON CITY
Z2QUE0018,ZONE 2,QUEZON CITY
Z2QUE0019,ZONE 2,QUEZON CITY
Z2QUE0020,ZONE 2,QUEZON CITY
Z2QUE0021,ZONE 2,QUEZON CITY
Z2QUE0022,ZONE 2,QUEZON CITY
Z2QUE0023,ZONE 2,QUEZON CITY
Z2QUE0024,ZONE 2,QUEZON CITY
Z2QUE0025,ZONE 2,QUEZON CITY
Z2QUE0026,ZONE 2,QUEZON CITY
Z2QUE0027,ZONE 2,QUEZON CITY
Z2QUE0028,ZONE 2,QUEZON CITY
Z2QUE0029,ZONE 2,QUEZON CITY
Z2QUE0030,ZONE 2,QUEZON CITY
Z2QUE0031,ZONE 2,QUEZON CITY
Z2QUE0032,ZONE 2,QUEZON CITY
Z2QUE0033,ZONE 2,QUEZON CITY
Z2QUE0034,ZONE 2,QUEZON CITY
Z2QUE0035,ZONE 2,QUEZON CITY
Z3RIZ0001,ZONE 3,RIZAL
Z3RIZ0002,ZONE 3,RIZAL
Z3RIZ0003,ZONE 3,RIZAL
Z3RIZ0004,ZONE 3,RIZAL
Z3RIZ0005,ZONE 3,RIZAL
Z3RIZ0006,ZONE 3,RIZAL
Z3RIZ0007,ZONE 3,RIZAL
Z3RIZ0008,ZONE 3,RIZAL
Z3RIZ0009,ZONE 3,RIZAL
Z3RIZ0010,ZONE 3,RIZAL
Z3RIZ0011,ZONE 3,RIZAL
Z3RIZ0012,ZONE 3,RIZAL
Z3RIZ0013,ZONE 3,RIZAL
Z3RIZ0014,ZONE 3,RIZAL
Z3RIZ0015,ZONE 3,RIZAL
Z3RIZ0016,ZONE 3,RIZAL
Z3RIZ0017,ZONE 3,RIZAL
Z3RIZ0018,ZONE 3,RIZAL
Z3RIZ0019,ZONE 3,RIZAL
Z3RIZ0020,ZONE 3,RIZAL
Z3RIZ0021,ZONE 3,RIZAL
Z3RIZ0022,ZONE 3,RIZAL
Z3RIZ0023,ZONE 3,RIZAL
Z3RIZ0024,ZONE 3,RIZAL
Z3RIZ0025,ZONE 3,RIZAL
Z3RIZ0026,ZONE 3,RIZAL
Z3RIZ0027,ZONE 3,RIZAL
Z3RIZ0028,ZONE 3,RIZAL
Z3RIZ0029,ZONE 3,RIZAL
Z3RIZ0030,ZONE 3,RIZAL
Z3RIZ0031,ZONE 3,RIZAL
Z3RIZ0032,ZONE 3,RIZAL
Z3RIZ0033,ZONE 3,RIZAL
Z3RIZ0034,ZONE 3,RIZAL
Z3RIZ0035,ZONE 3,RIZAL
Z3MAL0001,ZONE 3,MALABON CITY
Z3MAL0002,ZONE 3,MALABON CITY
Z3MAL0003,ZONE 3,MALABON CITY
Z3MAL0004,ZONE 3,MALABON CITY
Z3MAL0005,ZONE 3,MALABON CITY
Z3MAL0006,ZONE 3,MALABON CITY
Z3MAL0007,ZONE 3,MALABON CITY
Z3MAL0008,ZONE 3,MALABON CITY
Z3MAL0009,ZONE 3,MALABON CITY
Z3MAL0010,ZONE 3,MALABON CITY
Z3MAL0011,ZONE 3,MALABON CITY
Z3MAL0012,ZONE 3,MALABON CITY
Z3MAL0013,ZONE 3,MALABON CITY
Z3MAL0014,ZONE 3,MALABON CITY
Z3MAL0015,ZONE 3,MALABON CITY
Z3MAL0016,ZONE 3,MALABON CITY
Z3MAL0017,ZONE 3,MALABON CITY
Z3MAL0018,ZONE 3,MALABON CITY
Z3MAL0019,ZONE 3,MALABON CITY
Z3MAL0020,ZONE 3,MALABON CITY
Z3MAL0021,ZONE 3,MALABON CITY
Z3MAL0022,ZONE 3,MALABON CITY
Z3MAL0023,ZONE 3,MALABON CITY
Z3MAL0024,ZONE 3,MALABON CITY
Z3MAL0025,ZONE 3,MALABON CITY
Z3MAL0026,ZONE 3,MALABON CITY
Z3MAL0027,ZONE 3,MALABON CITY
Z3MAL0028,ZONE 3,MALABON CITY
Z3MAL0029,ZONE 3,MALABON CITY
Z3MAL0030,ZONE 3,MALABON CITY
Z3MAL0031,ZONE 3,MALABON CITY
Z3MAL0032,ZONE 3,MALABON CITY
Z3MAL0033,ZONE 3,MALABON CITY
Z3MAL0034,ZONE 3,MALABON CITY
Z3MAL0035,ZONE 3,MALABON CITY
Z3MAR0001,ZONE 3,MARIKINA CITY
Z3MAR0002,ZONE 3,MARIKINA CITY
Z3MAR0003,ZONE 3,MARIKINA CITY
Z3MAR0004,ZONE 3,MARIKINA CITY
Z3MAR0005,ZONE 3,MARIKINA CITY
Z3MAR0006,ZONE 3,MARIKINA CITY
Z3MAR0007,ZONE 3,MARIKINA CITY
Z3MAR0008,ZONE 3,MARIKINA CITY
Z3MAR0009,ZONE 3,MARIKINA CITY
Z3MAR0010,ZONE 3,MARIKINA CITY
Z3MAR0011,ZONE 3,MARIKINA CITY
Z3MAR0012,ZONE 3,MARIKINA CITY
Z3MAR0013,ZONE 3,MARIKINA CITY
Z3MAR0014,ZONE 3,MARIKINA CITY
Z3MAR0015,ZONE 3,MARIKINA CITY
Z3MAR0016,ZONE 3,MARIKINA CITY
Z3MAR0017,ZONE 3,MARIKINA CITY
Z3MAR0018,ZONE 3,MARIKINA CITY
Z3MAR0019,ZONE 3,MARIKINA CITY
Z3MAR0020,ZONE 3,MARIKINA CITY
Z3MAR0021,ZONE 3,MARIKINA CITY
Z3MAR0022,ZONE 3,MARIKINA CITY
Z3MAR0023,ZONE 3,MARIKINA CITY
Z3MAR0024,ZONE 3,MARIKINA CITY
Z3MAR0025,ZONE 3,MARIKINA CITY
Z3MAR0026,ZONE 3,MARIKINA CITY
Z3MAR0027,ZONE 3,MARIKINA CITY
Z3MAR0028,ZONE 3,MARIKINA CITY
Z3MAR0029,ZONE 3,MARIKINA CITY
Z3MAR0030,ZONE 3,MARIKINA CITY
Z3MAR0031,ZONE 3,MARIKINA CITY
Z3MAR0032,ZONE 3,MARIKINA CITY
Z3MAR0033,ZONE 3,MARIKINA CITY
Z3MAR0034,ZONE 3,MARIKINA CITY
Z3MAR0035,ZONE 3,MARIKINA CITY
Z4MAN0001,ZONE 4,MANILA
Z4MAN0002,ZONE 4,MANILA
Z4MAN0003,ZONE 4,MANILA
Z4MAN0004,ZONE 4,MANILA
Z4MAN0005,ZONE 4,MANILA
Z4MAN0006,ZONE 4,MANILA
Z4MAN0007,ZONE 4,MANILA
Z4MAN0008,ZONE 4,MANILA
Z4MAN0009,ZONE 4,MANILA
Z4MAN0010,ZONE 4,MANILA
Z4MAN0011,ZONE 4,MANILA
Z4MAN0012,ZONE 4,MANILA
Z4MAN0013,ZONE 4,MANILA
Z4MAN0014,ZONE 4,MANILA
Z4MAN0015,ZONE 4,MANILA
Z4MAN0016,ZONE 4,MANILA
Z4MAN0017,ZONE 4,MANILA
Z4MAN0018,ZONE 4,MANILA
Z4MAN0019,ZONE 4,MANILA
Z4MAN0020,ZONE 4,MANILA
Z4MAN0021,ZONE 4,MANILA
Z4MAN0022,ZONE 4,MANILA
Z4MAN0023,ZONE 4,MANILA
Z4MAN0024,ZONE 4,MANILA
Z4MAN0025,ZONE 4,MANILA
Z4MAN0026,ZONE 4,MANILA
Z4MAN0027,ZONE 4,MANILA
Z4MAN0028,ZONE 4,MANILA
Z4MAN0029,ZONE 4,MANILA
Z4MAN0030,ZONE 4,MANILA
Z4MAN0031,ZONE 4,MANILA
Z4MAN0032,ZONE 4,MANILA
Z4MAN0033,ZONE 4,MANILA
Z4MAN0034,ZONE 4,MANILA
Z4MAN0035,ZONE 4,MANILA
Z4PAS0001,ZONE 4,PASIG CITY
Z4PAS0002,ZONE 4,PASIG CITY
Z4PAS0003,ZONE 4,PASIG CITY
Z4PAS0004,ZONE 4,PASIG CITY
Z4PAS0005,ZONE 4,PASIG CITY
Z4PAS0006,ZONE 4,PASIG CITY
Z4PAS0007,ZONE 4,PASIG CITY
Z4PAS0008,ZONE 4,PASIG CITY
Z4PAS0009,ZONE 4,PASIG CITY
Z4PAS0010,ZONE 4,PASIG CITY
Z4PAS0011,ZONE 4,PASIG CITY
Z4PAS0012,ZONE 4,PASIG CITY
Z4PAS0013,ZONE 4,PASIG CITY
Z4PAS0014,ZONE 4,PASIG CITY
Z4PAS0015,ZONE 4,PASIG CITY
Z4PAS0016,ZONE 4,PASIG CITY
Z4PAS0017,ZONE 4,PASIG CITY
Z4PAS0018,ZONE 4,PASIG CITY
Z4PAS0019,ZONE 4,PASIG CITY
Z4PAS0020,ZONE 4,PASIG CITY
Z4PAS0021,ZONE 4,PASIG CITY
Z4PAS0022,ZONE 4,PASIG CITY
Z4PAS0023,ZONE 4,PASIG CITY
Z4PAS0024,ZONE 4,PASIG CITY
Z4PAS0025,ZONE 4,PASIG CITY
Z4PAS0026,ZONE 4,PASIG CITY
Z4PAS0027,ZONE 4,PASIG CITY
Z4PAS0028,ZONE 4,PASIG CITY
Z4PAS0029,ZONE 4,PASIG CITY
Z4PAS0030,ZONE 4,PASIG CITY
Z4PAS0031,ZONE 4,PASIG CITY
Z4PAS0032,ZONE 4,PASIG CITY
Z4PAS0033,ZONE 4,PASIG CITY
Z4PAS0034,ZONE 4,PASIG CITY
Z4PAS0035,ZONE 4,PASIG CITY
Z4SAN0001,ZONE 4,SAN JUAN CITY
Z4SAN0002,ZONE 4,SAN JUAN CITY
Z4SAN0003,ZONE 4,SAN JUAN CITY
Z4SAN0004,ZONE 4,SAN JUAN CITY
Z4SAN0005,ZONE 4,SAN JUAN CITY
Z4SAN0006,ZONE 4,SAN JUAN CITY
Z4SAN0007,ZONE 4,SAN JUAN CITY
Z4SAN0008,ZONE 4,SAN JUAN CITY
Z4SAN0009,ZONE 4,SAN JUAN CITY
Z4SAN0010,ZONE 4,SAN JUAN CITY
Z4SAN0011,ZONE 4,SAN JUAN CITY
Z4SAN0012,ZONE 4,SAN JUAN CITY
Z4SAN0013,ZONE 4,SAN JUAN CITY
Z4SAN0014,ZONE 4,SAN JUAN CITY
Z4SAN0015,ZONE 4,SAN JUAN CITY
Z4SAN0016,ZONE 4,SAN JUAN CITY
Z4SAN0017,ZONE 4,SAN JUAN CITY
Z4SAN0018,ZONE 4,SAN JUAN CITY
Z4SAN0019,ZONE 4,SAN JUAN CITY
Z4SAN0020,ZONE 4,SAN JUAN CITY
Z4SAN0021,ZONE 4,SAN JUAN CITY
Z4SAN0022,ZONE 4,SAN JUAN CITY
Z4SAN0023,ZONE 4,SAN JUAN CITY
Z4SAN0024,ZONE 4,SAN JUAN CITY
Z4SAN0025,ZONE 4,SAN JUAN CITY
Z4SAN0026,ZONE 4,SAN JUAN CITY
Z4SAN0027,ZONE 4,SAN JUAN CITY
Z4SAN0028,ZONE 4,SAN JUAN CITY
Z4SAN0029,ZONE 4,SAN JUAN CITY
Z4SAN0030,ZONE 4,SAN JUAN CITY
Z4SAN0031,ZONE 4,SAN JUAN CITY
Z4SAN0032,ZONE 4,SAN JUAN CITY
Z4SAN0033,ZONE 4,SAN JUAN CITY
Z4SAN0034,ZONE 4,SAN JUAN CITY
Z4SAN0035,ZONE 4,SAN JUAN CITY
Z4MAN0001,ZONE 4,MANDALUYONG
Z4MAN0002,ZONE 4,MANDALUYONG
Z4MAN0003,ZONE 4,MANDALUYONG
Z4MAN0004,ZONE 4,MANDALUYONG
Z4MAN0005,ZONE 4,MANDALUYONG
Z4MAN0006,ZONE 4,MANDALUYONG
Z4MAN0007,ZONE 4,MANDALUYONG
Z4MAN0008,ZONE 4,MANDALUYONG
Z4MAN0009,ZONE 4,MANDALUYONG
Z4MAN0010,ZONE 4,MANDALUYONG
Z4MAN0011,ZONE 4,MANDALUYONG
Z4MAN0012,ZONE 4,MANDALUYONG
Z4MAN0013,ZONE 4,MANDALUYONG
Z4MAN0014,ZONE 4,MANDALUYONG
Z4MAN0015,ZONE 4,MANDALUYONG
Z4MAN0016,ZONE 4,MANDALUYONG
Z4MAN0017,ZONE 4,MANDALUYONG
Z4MAN0018,ZONE 4,MANDALUYONG
Z4MAN0019,ZONE 4,MANDALUYONG
Z4MAN0020,ZONE 4,MANDALUYONG
Z4MAN0021,ZONE 4,MANDALUYONG
Z4MAN0022,ZONE 4,MANDALUYONG
Z4MAN0023,ZONE 4,MANDALUYONG
Z4MAN0024,ZONE 4,MANDALUYONG
Z4MAN0025,ZONE 4,MANDALUYONG
Z4MAN0026,ZONE 4,MANDALUYONG
Z4MAN0027,ZONE 4,MANDALUYONG
Z4MAN0028,ZONE 4,MANDALUYONG
Z4MAN0029,ZONE 4,MANDALUYONG
Z4MAN0030,ZONE 4,MANDALUYONG
Z4MAN0031,ZONE 4,MANDALUYONG
Z4MAN0032,ZONE 4,MANDALUYONG
Z4MAN0033,ZONE 4,MANDALUYONG
Z4MAN0034,ZONE 4,MANDALUYONG
Z4MAN0035,ZONE 4,MANDALUYONG
Z5MAK0001,ZONE 5,MAKATI CITY
Z5MAK0002,ZONE 5,MAKATI CITY
Z5MAK0003,ZONE 5,MAKATI CITY
Z5MAK0004,ZONE 5,MAKATI CITY
Z5MAK0005,ZONE 5,MAKATI CITY
Z5MAK0006,ZONE 5,MAKATI CITY
Z5MAK0007,ZONE 5,MAKATI CITY
Z5MAK0008,ZONE 5,MAKATI CITY
Z5MAK0009,ZONE 5,MAKATI CITY
Z5MAK0010,ZONE 5,MAKATI CITY
Z5MAK0011,ZONE 5,MAKATI CITY
Z5MAK0012,ZONE 5,MAKATI CITY
Z5MAK0013,ZONE 5,MAKATI CITY
Z5MAK0014,ZONE 5,MAKATI CITY
Z5MAK0015,ZONE 5,MAKATI CITY
Z5MAK0016,ZONE 5,MAKATI CITY
Z5MAK0017,ZONE 5,MAKATI CITY
Z5MAK0018,ZONE 5,MAKATI CITY
Z5MAK0019,ZONE 5,MAKATI CITY
Z5MAK0020,ZONE 5,MAKATI CITY
Z5MAK0021,ZONE 5,MAKATI CITY
Z5MAK0022,ZONE 5,MAKATI CITY
Z5MAK0023,ZONE 5,MAKATI CITY
Z5MAK0024,ZONE 5,MAKATI CITY
Z5MAK0025,ZONE 5,MAKATI CITY
Z5MAK0026,ZONE 5,MAKATI CITY
Z5MAK0027,ZONE 5,MAKATI CITY
Z5MAK0028,ZONE 5,MAKATI CITY
Z5MAK0029,ZONE 5,MAKATI CITY
Z5MAK0030,ZONE 5,MAKATI CITY
Z5MAK0031,ZONE 5,MAKATI CITY
Z5MAK0032,ZONE 5,MAKATI CITY
Z5MAK0033,ZONE 5,MAKATI CITY
Z5MAK0034,ZONE 5,MAKATI CITY
Z5MAK0035,ZONE 5,MAKATI CITY
Z5TAG0001,ZONE 5,TAGUIG CITY
Z5TAG0002,ZONE 5,TAGUIG CITY
Z5TAG0003,ZONE 5,TAGUIG CITY
Z5TAG0004,ZONE 5,TAGUIG CITY
Z5TAG0005,ZONE 5,TAGUIG CITY
Z5TAG0006,ZONE 5,TAGUIG CITY
Z5TAG0007,ZONE 5,TAGUIG CITY
Z5TAG0008,ZONE 5,TAGUIG CITY
Z5TAG0009,ZONE 5,TAGUIG CITY
Z5TAG0010,ZONE 5,TAGUIG CITY
Z5TAG0011,ZONE 5,TAGUIG CITY
Z5TAG0012,ZONE 5,TAGUIG CITY
Z5TAG0013,ZONE 5,TAGUIG CITY
Z5TAG0014,ZONE 5,TAGUIG CITY
Z5TAG0015,ZONE 5,TAGUIG CITY
Z5TAG0016,ZONE 5,TAGUIG CITY
Z5TAG0017,ZONE 5,TAGUIG CITY
Z5TAG0018,ZONE 5,TAGUIG CITY
Z5TAG0019,ZONE 5,TAGUIG CITY
Z5TAG0020,ZONE 5,TAGUIG CITY
Z5TAG0021,ZONE 5,TAGUIG CITY
Z5TAG0022,ZONE 5,TAGUIG CITY
Z5TAG0023,ZONE 5,TAGUIG CITY
Z5TAG0024,ZONE 5,TAGUIG CITY
Z5TAG0025,ZONE 5,TAGUIG CITY
Z5TAG0026,ZONE 5,TAGUIG CITY
Z5TAG0027,ZONE 5,TAGUIG CITY
Z5TAG0028,ZONE 5,TAGUIG CITY
Z5TAG0029,ZONE 5,TAGUIG CITY
Z5TAG0030,ZONE 5,TAGUIG CITY
Z5TAG0031,ZONE 5,TAGUIG CITY
Z5TAG0032,ZONE 5,TAGUIG CITY
Z5TAG0033,ZONE 5,TAGUIG CITY
Z5TAG0034,ZONE 5,TAGUIG CITY
Z5TAG0035,ZONE 5,TAGUIG CITY
Z5PAS0001,ZONE 5,PASAY CITY
Z5PAS0002,ZONE 5,PASAY CITY
Z5PAS0003,ZONE 5,PASAY CITY
Z5PAS0004,ZONE 5,PASAY CITY
Z5PAS0005,ZONE 5,PASAY CITY
Z5PAS0006,ZONE 5,PASAY CITY
Z5PAS0007,ZONE 5,PASAY CITY
Z5PAS0008,ZONE 5,PASAY CITY
Z5PAS0009,ZONE 5,PASAY CITY
Z5PAS0010,ZONE 5,PASAY CITY
Z5PAS0011,ZONE 5,PASAY CITY
Z5PAS0012,ZONE 5,PASAY CITY
Z5PAS0013,ZONE 5,PASAY CITY
Z5PAS0014,ZONE 5,PASAY CITY
Z5PAS0015,ZONE 5,PASAY CITY
Z5PAS0016,ZONE 5,PASAY CITY
Z5PAS0017,ZONE 5,PASAY CITY
Z5PAS0018,ZONE 5,PASAY CITY
Z5PAS0019,ZONE 5,PASAY CITY
Z5PAS0020,ZONE 5,PASAY CITY
Z5PAS0021,ZONE 5,PASAY CITY
Z5PAS0022,ZONE 5,PASAY CITY
Z5PAS0023,ZONE 5,PASAY CITY
Z5PAS0024,ZONE 5,PASAY CITY
Z5PAS0025,ZONE 5,PASAY CITY
Z5PAS0026,ZONE 5,PASAY CITY
Z5PAS0027,ZONE 5,PASAY CITY
Z5PAS0028,ZONE 5,PASAY CITY
Z5PAS0029,ZONE 5,PASAY CITY
Z5PAS0030,ZONE 5,PASAY CITY
Z5PAS0031,ZONE 5,PASAY CITY
Z5PAS0032,ZONE 5,PASAY CITY
Z5PAS0033,ZONE 5,PASAY CITY
Z5PAS0034,ZONE 5,PASAY CITY
Z5PAS0035,ZONE 5,PASAY CITY
Z5PAT0001,ZONE 5,PATEROS
Z5PAT0002,ZONE 5,PATEROS
Z5PAT0003,ZONE 5,PATEROS
Z5PAT0004,ZONE 5,PATEROS
Z5PAT0005,ZONE 5,PATEROS
Z5PAT0006,ZONE 5,PATEROS
Z5PAT0007,ZONE 5,PATEROS
Z5PAT0008,ZONE 5,PATEROS
Z5PAT0009,ZONE 5,PATEROS
Z5PAT0010,ZONE 5,PATEROS
Z5PAT0011,ZONE 5,PATEROS
Z5PAT0012,ZONE 5,PATEROS
Z5PAT0013,ZONE 5,PATEROS
Z5PAT0014,ZONE 5,PATEROS
Z5PAT0015,ZONE 5,PATEROS
Z5PAT0016,ZONE 5,PATEROS
Z5PAT0017,ZONE 5,PATEROS
Z5PAT0018,ZONE 5,PATEROS
Z5PAT0019,ZONE 5,PATEROS
Z5PAT0020,ZONE 5,PATEROS
Z5PAT0021,ZONE 5,PATEROS
Z5PAT0022,ZONE 5,PATEROS
Z5PAT0023,ZONE 5,PATEROS
Z5PAT0024,ZONE 5,PATEROS
Z5PAT0025,ZONE 5,PATEROS
Z5PAT0026,ZONE 5,PATEROS
Z5PAT0027,ZONE 5,PATEROS
Z5PAT0028,ZONE 5,PATEROS
Z5PAT0029,ZONE 5,PATEROS
Z5PAT0030,ZONE 5,PATEROS
Z5PAT0031,ZONE 5,PATEROS
Z5PAT0032,ZONE 5,PATEROS
Z5PAT0033,ZONE 5,PATEROS
Z5PAT0034,ZONE 5,PATEROS
Z5PAT0035,ZONE 5,PATEROS
Z6PAR0001,ZONE 6,PARANAQUE CITY
Z6PAR0002,ZONE 6,PARANAQUE CITY
Z6PAR0003,ZONE 6,PARANAQUE CITY
Z6PAR0004,ZONE 6,PARANAQUE CITY
Z6PAR0005,ZONE 6,PARANAQUE CITY
Z6PAR0006,ZONE 6,PARANAQUE CITY
Z6PAR0007,ZONE 6,PARANAQUE CITY
Z6PAR0008,ZONE 6,PARANAQUE CITY
Z6PAR0009,ZONE 6,PARANAQUE CITY
Z6PAR0010,ZONE 6,PARANAQUE CITY
Z6PAR0011,ZONE 6,PARANAQUE CITY
Z6PAR0012,ZONE 6,PARANAQUE CITY
Z6PAR0013,ZONE 6,PARANAQUE CITY
Z6PAR0014,ZONE 6,PARANAQUE CITY
Z6PAR0015,ZONE 6,PARANAQUE CITY
Z6PAR0016,ZONE 6,PARANAQUE CITY
Z6PAR0017,ZONE 6,PARANAQUE CITY
Z6PAR0018,ZONE 6,PARANAQUE CITY
Z6PAR0019,ZONE 6,PARANAQUE CITY
Z6PAR0020,ZONE 6,PARANAQUE CITY
Z6PAR0021,ZONE 6,PARANAQUE CITY
Z6PAR0022,ZONE 6,PARANAQUE CITY
Z6PAR0023,ZONE 6,PARANAQUE CITY
Z6PAR0024,ZONE 6,PARANAQUE CITY
Z6PAR0025,ZONE 6,PARANAQUE CITY
Z6PAR0026,ZONE 6,PARANAQUE CITY
Z6PAR0027,ZONE 6,PARANAQUE CITY
Z6PAR0028,ZONE 6,PARANAQUE CITY
Z6PAR0029,ZONE 6,PARANAQUE CITY
Z6PAR0030,ZONE 6,PARANAQUE CITY
Z6PAR0031,ZONE 6,PARANAQUE CITY
Z6PAR0032,ZONE 6,PARANAQUE CITY
Z6PAR0033,ZONE 6,PARANAQUE CITY
Z6PAR0034,ZONE 6,PARANAQUE CITY
Z6PAR0035,ZONE 6,PARANAQUE CITY
Z6MUN0001,ZONE 6,MUNTINLUPA CITY
Z6MUN0002,ZONE 6,MUNTINLUPA CITY
Z6MUN0003,ZONE 6,MUNTINLUPA CITY
Z6MUN0004,ZONE 6,MUNTINLUPA CITY
Z6MUN0005,ZONE 6,MUNTINLUPA CITY
Z6MUN0006,ZONE 6,MUNTINLUPA CITY
Z6MUN0007,ZONE 6,MUNTINLUPA CITY
Z6MUN0008,ZONE 6,MUNTINLUPA CITY
Z6MUN0009,ZONE 6,MUNTINLUPA CITY
Z6MUN0010,ZONE 6,MUNTINLUPA CITY
Z6MUN0011,ZONE 6,MUNTINLUPA CITY
Z6MUN0012,ZONE 6,MUNTINLUPA CITY
Z6MUN0013,ZONE 6,MUNTINLUPA CITY
Z6MUN0014,ZONE 6,MUNTINLUPA CITY
Z6MUN0015,ZONE 6,MUNTINLUPA CITY
Z6MUN0016,ZONE 6,MUNTINLUPA CITY
Z6MUN0017,ZONE 6,MUNTINLUPA CITY
Z6MUN0018,ZONE 6,MUNTINLUPA CITY
Z6MUN0019,ZONE 6,MUNTINLUPA CITY
Z6MUN0020,ZONE 6,MUNTINLUPA CITY
Z6MUN0021,ZONE 6,MUNTINLUPA CITY
Z6MUN0022,ZONE 6,MUNTINLUPA CITY
Z6MUN0023,ZONE 6,MUNTINLUPA CITY
Z6MUN0024,ZONE 6,MUNTINLUPA CITY
Z6MUN0025,ZONE 6,MUNTINLUPA CITY
Z6MUN0026,ZONE 6,MUNTINLUPA CITY
Z6MUN0027,ZONE 6,MUNTINLUPA CITY
Z6MUN0028,ZONE 6,MUNTINLUPA CITY
Z6MUN0029,ZONE 6,MUNTINLUPA CITY
Z6MUN0030,ZONE 6,MUNTINLUPA CITY
Z6MUN0031,ZONE 6,MUNTINLUPA CITY
Z6MUN0032,ZONE 6,MUNTINLUPA CITY
Z6MUN0033,ZONE 6,MUNTINLUPA CITY
Z6MUN0034,ZONE 6,MUNTINLUPA CITY
Z6MUN0035,ZONE 6,MUNTINLUPA CITY
Z6LAS0001,ZONE 6,LAS PINAS CITY
Z6LAS0002,ZONE 6,LAS PINAS CITY
Z6LAS0003,ZONE 6,LAS PINAS CITY
Z6LAS0004,ZONE 6,LAS PINAS CITY
Z6LAS0005,ZONE 6,LAS PINAS CITY
Z6LAS0006,ZONE 6,LAS PINAS CITY
Z6LAS0007,ZONE 6,LAS PINAS CITY
Z6LAS0008,ZONE 6,LAS PINAS CITY
Z6LAS0009,ZONE 6,LAS PINAS CITY
Z6LAS0010,ZONE 6,LAS PINAS CITY
Z6LAS0011,ZONE 6,LAS PINAS CITY
Z6LAS0012,ZONE 6,LAS PINAS CITY
Z6LAS0013,ZONE 6,LAS PINAS CITY
Z6LAS0014,ZONE 6,LAS PINAS CITY
Z6LAS0015,ZONE 6,LAS PINAS CITY
Z6LAS0016,ZONE 6,LAS PINAS CITY
Z6LAS0017,ZONE 6,LAS PINAS CITY
Z6LAS0018,ZONE 6,LAS PINAS CITY
Z6LAS0019,ZONE 6,LAS PINAS CITY
Z6LAS0020,ZONE 6,LAS PINAS CITY
Z6LAS0021,ZONE 6,LAS PINAS CITY
Z6LAS0022,ZONE 6,LAS PINAS CITY
Z6LAS0023,ZONE 6,LAS PINAS CITY
Z6LAS0024,ZONE 6,LAS PINAS CITY
Z6LAS0025,ZONE 6,LAS PINAS CITY
Z6LAS0026,ZONE 6,LAS PINAS CITY
Z6LAS0027,ZONE 6,LAS PINAS CITY
Z6LAS0028,ZONE 6,LAS PINAS CITY
Z6LAS0029,ZONE 6,LAS PINAS CITY
Z6LAS0030,ZONE 6,LAS PINAS CITY
Z6LAS0031,ZONE 6,LAS PINAS CITY
Z6LAS0032,ZONE 6,LAS PINAS CITY
Z6LAS0033,ZONE 6,LAS PINAS CITY
Z6LAS0034,ZONE 6,LAS PINAS CITY
Z6LAS0035,ZONE 6,LAS PINAS CITY
Z6BAC0001,ZONE 6,BACOOR
Z6BAC0002,ZONE 6,BACOOR
Z6BAC0003,ZONE 6,BACOOR
Z6BAC0004,ZONE 6,BACOOR
Z6BAC0005,ZONE 6,BACOOR
Z6BAC0006,ZONE 6,BACOOR
Z6BAC0007,ZONE 6,BACOOR
Z6BAC0008,ZONE 6,BACOOR
Z6BAC0009,ZONE 6,BACOOR
Z6BAC0010,ZONE 6,BACOOR
Z6BAC0011,ZONE 6,BACOOR
Z6BAC0012,ZONE 6,BACOOR
Z6BAC0013,ZONE 6,BACOOR
Z6BAC0014,ZONE 6,BACOOR
Z6BAC0015,ZONE 6,BACOOR
Z6BAC0016,ZONE 6,BACOOR
Z6BAC0017,ZONE 6,BACOOR
Z6BAC0018,ZONE 6,BACOOR
Z6BAC0019,ZONE 6,BACOOR
Z6BAC0020,ZONE 6,BACOOR
Z6BAC0021,ZONE 6,BACOOR
Z6BAC0022,ZONE 6,BACOOR
Z6BAC0023,ZONE 6,BACOOR
Z6BAC0024,ZONE 6,BACOOR
Z6BAC0025,ZONE 6,BACOOR
Z6BAC0026,ZONE 6,BACOOR
Z6BAC0027,ZONE 6,BACOOR
Z6BAC0028,ZONE 6,BACOOR
Z6BAC0029,ZONE 6,BACOOR
Z6BAC0030,ZONE 6,BACOOR
Z6BAC0031,ZONE 6,BACOOR
Z6BAC0032,ZONE 6,BACOOR
Z6BAC0033,ZONE 6,BACOOR
Z6BAC0034,ZONE 6,BACOOR
Z6BAC0035,ZONE 6,BACOOR
